Nodos,Origen,Destino,Distancia,Tiempo(s),Camino
7,0,6,19,0.000539,"0 -> 1 -> 3 -> 4 -> 6"
7,0,6,19,0.000570,"0 -> 1 -> 3 -> 4 -> 6"
7,0,2,6,0.000412,"0 -> 6 -> 2"
10,0,2,4,0.000421,"0 -> 4 -> 2"
10,0,2,4,0.000636,"0 -> 4 -> 2"
10,0,2,9,0.000710,"0 -> 2"
300,0,2,2,0.010194,"0 -> 216 -> 2"
300,0,2,2,0.010058,"0 -> 216 -> 2"
300,0,2,2,0.009623,"0 -> 216 -> 2"
